{"cameraMode":{"drawMode":0,"name":"Shaded","section":"Shading Mode"},"sceneLighting":false,"audioPlay":false,"sceneViewState":{"showFog":true,"showMaterialUpdate":false,"showSkybox":true,"showFlares":true,"showImageEffects":true,"showParticleSystems":true},"in2DMode":false,"pivot":{"x":2.569999933242798,"y":1.2885892391204835,"z":4.059999942779541},"rotation":{"x":-0.1291137933731079,"y":0.7365182042121887,"z":-0.14685551822185517,"w":-0.6475368738174439},"size":1.5994431972503663,"orthographic":false}